{
  "subtest_A_continuity_at_nodes": {
    "eps_1e-03": {
      "n": 1008,
      "max_rel_jump": 0.12321625692958725,
      "mean_rel_jump": 0.007267101544645892,
      "p99_rel_jump": 0.039788575424897034
    },
    "eps_1e-06": {
      "n": 1008,
      "max_rel_jump": 0.00012315217196173225,
      "mean_rel_jump": 7.265954115422385e-06,
      "p99_rel_jump": 3.9647916871716816e-05
    },
    "eps_1e-09": {
      "n": 1008,
      "max_rel_jump": 1.231521081608553e-07,
      "mean_rel_jump": 7.26595294608781e-09,
      "p99_rel_jump": 3.96477762414507e-08
    },
    "eps_1e-12": {
      "n": 1008,
      "max_rel_jump": 1.2315171790056894e-10,
      "mean_rel_jump": 7.265958174604314e-12,
      "p99_rel_jump": 3.9647796522896764e-11
    }
  },
  "subtest_A_log_log_slope": 1.0000227612240118,
  "subtest_B_edges": {
    "x=idx1[0]": {
      "n": 1400,
      "max_rel_jump": 2.547865039102435e-16,
      "mean_rel_jump": 3.866387093561817e-17
    },
    "x=idx1[-1]": {
      "n": 1400,
      "max_rel_jump": 2.3011159085277867e-16,
      "mean_rel_jump": 3.861111658611595e-17
    },
    "y=idx2[0]": {
      "n": 1400,
      "max_rel_jump": 5.883636589028088e-16,
      "mean_rel_jump": 3.9599565065057344e-17
    },
    "y=idx2[-1]": {
      "n": 1400,
      "max_rel_jump": 2.2071301498148819e-16,
      "mean_rel_jump": 3.559192900212094e-17
    }
  },
  "subtest_C_clamp_transition": {
    "eps_1e-03": {
      "n": 112,
      "max_rel_jump": 0.6507929336899153,
      "mean_rel_jump": 0.008528779472874677
    },
    "eps_1e-06": {
      "n": 112,
      "max_rel_jump": 0.0018601638250941486,
      "mean_rel_jump": 1.9360148749933324e-05
    },
    "eps_1e-09": {
      "n": 112,
      "max_rel_jump": 1.863627010185548e-06,
      "mean_rel_jump": 1.9391104072425937e-08
    },
    "eps_1e-12": {
      "n": 112,
      "max_rel_jump": 1.8636305494767763e-09,
      "mean_rel_jump": 1.9391149829592504e-11
    }
  },
  "subtest_C_log_log_slope": 0.9542813740442584,
  "epsilons": [
    0.001,
    1e-06,
    1e-09,
    1e-12
  ]
}