{
  "per_cell": {
    "INV_X1": {
      "n_samples": 400,
      "nearest_row": {
        "n": 400,
        "mean_pct": 6.022554759487177,
        "median_pct": 3.2261781672854193,
        "p95_pct": 16.713540442535496,
        "max_pct": 78.07003067801746
      },
      "row0": {
        "n": 400,
        "mean_pct": 30.069227520737847,
        "median_pct": 18.025842154845172,
        "p95_pct": 84.26475020048214,
        "max_pct": 315.0058588069311
      }
    },
    "AND2_X1": {
      "n_samples": 800,
      "nearest_row": {
        "n": 800,
        "mean_pct": 2.081766234044685,
        "median_pct": 0.9266903317843189,
        "p95_pct": 8.055386674138516,
        "max_pct": 14.866619813543497
      },
      "row0": {
        "n": 800,
        "mean_pct": 13.113205373506306,
        "median_pct": 3.3243110777830833,
        "p95_pct": 49.52829328509102,
        "max_pct": 68.40150521676583
      }
    },
    "NAND2_X1": {
      "n_samples": 800,
      "nearest_row": {
        "n": 800,
        "mean_pct": 3.9201069345316557,
        "median_pct": 2.1071408093109665,
        "p95_pct": 13.6128302745053,
        "max_pct": 23.33918735069998
      },
      "row0": {
        "n": 800,
        "mean_pct": 21.475916493917737,
        "median_pct": 11.616310387781285,
        "p95_pct": 69.95198610318394,
        "max_pct": 84.13783740000851
      }
    },
    "DFF_X1": {
      "n_samples": 800,
      "nearest_row": {
        "n": 800,
        "mean_pct": 0.5172411752637732,
        "median_pct": 0.05479711181196538,
        "p95_pct": 2.525741353660938,
        "max_pct": 4.2096699248179466
      },
      "row0": {
        "n": 800,
        "mean_pct": 3.985088752246655,
        "median_pct": 0.226398723399681,
        "p95_pct": 19.226915739036894,
        "max_pct": 27.620224858020954
      }
    }
  },
  "overall": {
    "n": 2800,
    "nearest_row": {
      "n": 2800,
      "mean_pct": 2.7229690638810586,
      "median_pct": 0.770080188983747,
      "p95_pct": 11.690525692391155,
      "max_pct": 78.07003067801746
    },
    "row0": {
      "n": 2800,
      "mean_pct": 15.316806965725608,
      "median_pct": 3.562553191920885,
      "p95_pct": 62.971250289621885,
      "max_pct": 315.0058588069311
    }
  },
  "by_lut": {
    "cell_rise": {
      "nearest_row": {
        "n": 700,
        "mean_pct": 3.1107752517187524,
        "median_pct": 1.688548979551729,
        "p95_pct": 11.579682522417075,
        "max_pct": 22.041443173497797
      },
      "row0": {
        "n": 700,
        "mean_pct": 19.264420589569003,
        "median_pct": 11.121559458474138,
        "p95_pct": 64.61263143063476,
        "max_pct": 84.22723002641365
      }
    },
    "cell_fall": {
      "nearest_row": {
        "n": 700,
        "mean_pct": 3.2708342657936798,
        "median_pct": 1.8895085362483133,
        "p95_pct": 9.868118585925822,
        "max_pct": 78.07003067801746
      },
      "row0": {
        "n": 700,
        "mean_pct": 20.41577497880322,
        "median_pct": 13.540644464348311,
        "p95_pct": 54.42377039967693,
        "max_pct": 315.0058588069311
      }
    },
    "rise_transition": {
      "nearest_row": {
        "n": 700,
        "mean_pct": 1.5950921528064785,
        "median_pct": 0.0056263601015075215,
        "p95_pct": 10.331096757798607,
        "max_pct": 23.33918735069998
      },
      "row0": {
        "n": 700,
        "mean_pct": 7.481599083784298,
        "median_pct": 0.013932006326275668,
        "p95_pct": 53.32353712391003,
        "max_pct": 87.07669395494378
      }
    },
    "fall_transition": {
      "nearest_row": {
        "n": 700,
        "mean_pct": 2.915174585205322,
        "median_pct": 0.02810083618664192,
        "p95_pct": 14.87203290838546,
        "max_pct": 31.67245718961789
      },
      "row0": {
        "n": 700,
        "mean_pct": 14.105433210745908,
        "median_pct": 0.08487118937616553,
        "p95_pct": 77.08323746567072,
        "max_pct": 94.69989561919401
      }
    }
  },
  "n_samples_per_lut": 100
}