{
  "chain": [
    "INV_X1",
    "AND2_X1",
    "DFF_X1"
  ],
  "reference_point": {
    "initial_slew_ns": 0.04,
    "final_load_fF": 0.0,
    "stages": [
      {
        "cell": "INV_X1",
        "arc": "A->ZN",
        "input_slew_ns": 0.04,
        "output_load_fF": 0.918145,
        "tp_ns": 0.01944486518963695,
        "slew_out_ns": 0.011349748533243484
      },
      {
        "cell": "AND2_X1",
        "arc": "A2->ZN",
        "input_slew_ns": 0.011349748533243484,
        "output_load_fF": 0.949653,
        "tp_ns": 0.03034377765581788,
        "slew_out_ns": 0.006957131993274189
      },
      {
        "cell": "DFF_X1",
        "arc": "CK->Q",
        "input_slew_ns": 0.006957131993274189,
        "output_load_fF": 0.0,
        "tp_ns": 0.0852274638134059,
        "slew_out_ns": 0.006235445691697616
      }
    ],
    "total_tp_ns": 0.13501610665886074
  },
  "reference_matches_readme": true,
  "sweep": {
    "slews_ns": [
      0.005,
      0.01818181818181818,
      0.031363636363636364,
      0.04454545454545454,
      0.057727272727272724,
      0.07090909090909091,
      0.08409090909090909,
      0.09727272727272727,
      0.11045454545454546,
      0.12363636363636364,
      0.1368181818181818,
      0.15
    ],
    "loads_fF": [
      0.0,
      2.727272727272727,
      5.454545454545454,
      8.181818181818182,
      10.909090909090908,
      13.636363636363635,
      16.363636363636363,
      19.09090909090909,
      21.818181818181817,
      24.545454545454543,
      27.27272727272727,
      30.0
    ],
    "total_tp_ns": [
      [
        0.12137571425372895,
        0.12650508204066246,
        0.13212519321013558,
        0.13799712507483275,
        0.14425193905994094,
        0.15050675304504912,
        0.15685406416857253,
        0.16332245630665015,
        0.16979084844472775,
        0.1762592405828054,
        0.18272763272088305,
        0.18919602485896064
      ],
      [
        0.12762296049168514,
        0.13275232849280716,
        0.1383724388376217,
        0.14424436942776553,
        0.15049918355782102,
        0.15675399768787654,
        0.163101308893573,
        0.16956970103165062,
        0.17603809316972827,
        0.1825064853078059,
        0.1889748774458835,
        0.19544326958396113
      ],
      [
        0.13208965296768707,
        0.13721902113710915,
        0.14283913083394267,
        0.14871106042259757,
        0.15496587466654643,
        0.1612206889104953,
        0.1675680001807598,
        0.17403639231883739,
        0.18050478445691504,
        0.18697317659499266,
        0.19344156873307028,
        0.19990996087114793
      ],
      [
        0.13628419283135346,
        0.14141356115987125,
        0.1470336702441618,
        0.15290559888609917,
        0.15916041323771257,
        0.16541522758932592,
        0.17176253892062723,
        0.17823093105870483,
        0.18469932319678248,
        0.1911677153348601,
        0.19763610747293775,
        0.20410449961101537
      ],
      [
        0.1397436381957307,
        0.14487300665848302,
        0.15049311522595013,
        0.15636504306910942,
        0.16261985751156308,
        0.16887467195401673,
        0.17522198333681682,
        0.18169037547489444,
        0.1881587676129721,
        0.19462715975104974,
        0.20109555188912734,
        0.207563944027205
      ],
      [
        0.143203083560108,
        0.14833245215709487,
        0.15395256020773845,
        0.15982448725211976,
        0.16607930178541364,
        0.17233411631870751,
        0.1786814277530065,
        0.18514981989108412,
        0.19161821202916177,
        0.1980866041672394,
        0.204554996305317,
        0.21102338844339466
      ],
      [
        0.14645603947759525,
        0.1515854083505228,
        0.15720551533875243,
        0.1630774407411168,
        0.16933225546114744,
        0.17558707018117806,
        0.18193438172134124,
        0.18840277385941887,
        0.1948711659974965,
        0.20133955813557414,
        0.20780795027365176,
        0.2142763424117294
      ],
      [
        0.14943886379903212,
        0.15456823435107248,
        0.1601883348744605,
        0.1660602502850705,
        0.1723150661414036,
        0.17856988199773668,
        0.18491719418208863,
        0.19138558632016628,
        0.1978539784582439,
        0.20432237059632152,
        0.21079076273439917,
        0.2172591548724768
      ],
      [
        0.15242168812046894,
        0.15755106035162214,
        0.16317115441016852,
        0.16904305982902418,
        0.1752978768216597,
        0.18155269381429523,
        0.18790000664283601,
        0.19436839878091364,
        0.2008367909189913,
        0.2073051830570689,
        0.21377357519514653,
        0.22024196733322415
      ],
      [
        0.1554045124419058,
        0.1605338863521718,
        0.16615397394587658,
        0.17202586937297787,
        0.1782806875019159,
        0.18453550563085386,
        0.1908828191035834,
        0.19735121124166105,
        0.2038196033797387,
        0.2102879955178163,
        0.21675638765589395,
        0.22322477979397154
      ],
      [
        0.15826814484995588,
        0.16339752041468017,
        0.16901760163846702,
        0.1748894872205235,
        0.18114430646907953,
        0.18739912571763556,
        0.19374643982509526,
        0.2002148319631729,
        0.2066832241012505,
        0.21315161623932816,
        0.21962000837740575,
        0.2260884005154834
      ],
      [
        0.1610177609586105,
        0.16614713815420912,
        0.17176721309887982,
        0.1776390889762305,
        0.18389390932844468,
        0.19014872968065885,
        0.19649604441380075,
        0.20296443655187837,
        0.209432828689956,
        0.21590122082803365,
        0.22236961296611127,
        0.22883800510418892
      ]
    ]
  }
}